base_margin,base_predicted_label,bucket,candidate_margin,candidate_predicted_label,context_preview,example_id,gold_text,left_alias,margin_gain,right_alias
-0.010714944219216704,REFUTES,base_correct_control,0.010208366438746452,SUPPORTS,"Claim: There is a software that is branded with a number for the versions it is released as called Adobe Photoshop. || Evidence: However , in October 2002 , following the introduction of Creative Suite branding , each new version of Photoshop was designated with `` CS '' plus a number ; e.g. , the eighth major version of Photoshop was Photoshop CS and the ninth major version was Photoshop CS2. || Labels: SUPPORTS: Supports | REFUTES: Refutes | NOT_ENOUGH_INFO: Not enough info || Decide the correct label.",114158,Supports,B_new,0.020923310657963157,R_real
-0.007316830102354288,REFUTES,base_correct_control,0.01542685180902481,SUPPORTS,Claim: Cyprus is a place where tourists go. || Evidence: Cyprus is a major tourist destination in the Mediterranean. || Labels: SUPPORTS: Supports | REFUTES: Refutes | NOT_ENOUGH_INFO: Not enough info || Decide the correct label.,121548,Supports,B_new,0.0227436819113791,R_real
-0.008068214170634747,REFUTES,base_correct_control,0.014063389971852303,SUPPORTS,"Claim: The Gettysburg Address is a speech. || Evidence: Despite the speech 's prominent place in the history and popular culture of the United States , the exact wording and location of the speech are disputed. || Labels: SUPPORTS: Supports | REFUTES: Refutes | NOT_ENOUGH_INFO: Not enough info || Decide the correct label.",124578,Supports,B_new,0.02213160414248705,R_real
-0.008183953817933798,REFUTES,base_correct_control,0.013333771377801895,SUPPORTS,"Claim: Daredevil is based on the character of the same name. || Evidence: Marvel 's Daredevil , or simply Daredevil , is an American web television series created for Netflix by Drew Goddard , based on the Marvel Comics character of the same name. || Labels: SUPPORTS: Supports | REFUTES: Refutes | NOT_ENOUGH_INFO: Not enough info || Decide the correct label.",132874,Supports,B_new,0.021517725195735693,R_real
-0.00766037218272686,REFUTES,base_correct_control,0.013663709163665771,SUPPORTS,"Claim: The year 1990 saw the release of the movie Ghost. || Evidence: Ghost is a 1990 American romantic fantasy thriller film starring Patrick Swayze , Demi Moore , Whoopi Goldberg , Tony Goldwyn , and Rick Aviles. || Labels: SUPPORTS: Supports | REFUTES: Refutes | NOT_ENOUGH_INFO: Not enough info || Decide the correct label.",144391,Supports,B_new,0.02132408134639263,R_real
-0.010272604646161199,REFUTES,base_correct_control,0.009791791439056396,SUPPORTS,"Claim: Simi Valley, California, reported that its median household income was $87,894 in the 2012 U.S. Census. || Evidence: The U.S. Census Bureau of 2012 reported a median household income of $ 87,894 , which is higher than the California median of $ 70,231 and the national average of $ 62,527. || Labels: SUPPORTS: Supports | REFUTES: Refutes | NOT_ENOUGH_INFO: Not enough info || Decide the correct label.",183417,Supports,B_new,0.020064396085217595,R_real
-0.009123303927481174,REFUTES,base_correct_control,0.01169523410499096,SUPPORTS,"Claim: Vera Wang is an American Fashion Designer. || Evidence: Vera Ellen Wang -LRB- , -LSB- u̯ɑ̌ŋ u̯éɪ̯u̯éɪ̯ -RSB- ; born June 27 , 1949 -RRB- is an American fashion designer based in New York City. || Labels: SUPPORTS: Supports | REFUTES: Refutes | NOT_ENOUGH_INFO: Not enough info || Decide the correct label.",184285,Supports,B_new,0.020818538032472134,R_real
-0.006513700587674975,REFUTES,base_correct_control,0.014993946999311447,SUPPORTS,Claim: Kyra Sedgwick received a Golden Globe Award. || Evidence: Sedgwick 's role in the series won her a Golden Globe Award in 2007 and an Emmy Award in 2010. || Labels: SUPPORTS: Supports | REFUTES: Refutes | NOT_ENOUGH_INFO: Not enough info || Decide the correct label.,185999,Supports,B_new,0.021507647586986423,R_real
-0.008582832291722298,REFUTES,base_correct_control,0.012650186195969582,SUPPORTS,Claim: Color of Night came out in 1994. || Evidence: Color of Night is a 1994 American erotic mystery thriller film produced by Cinergi Pictures and released in the United States by Hollywood Pictures. || Labels: SUPPORTS: Supports | REFUTES: Refutes | NOT_ENOUGH_INFO: Not enough info || Decide the correct label.,19068,Supports,B_new,0.02123301848769188,R_real
-0.008066195994615555,REFUTES,base_correct_control,0.012897772714495659,SUPPORTS,"Claim: Dissociative identity disorder is known as multiple personality disorder. || Evidence: Dissociative identity disorder -LRB- DID -RRB- , also known as multiple personality disorder -LRB- MPD -RRB- , is a mental disorder characterized by at least two distinct and relatively enduring identities or dissociated personality states. || Labels: SUPPORTS: Supports | REFUTES: Refutes | NOT_ENOUGH_INFO: Not enough info || Decide the correct label.",1933,Supports,B_new,0.020963968709111214,R_real
-0.008144079358316958,REFUTES,base_correct_control,0.01340886764228344,SUPPORTS,Claim: Backing vocalists provide vocal harmony. || Evidence: Backing vocalists are singers who provide vocal harmony with the lead vocalist or other backing vocalists. || Labels: SUPPORTS: Supports | REFUTES: Refutes | NOT_ENOUGH_INFO: Not enough info || Decide the correct label.,195124,Supports,B_new,0.021552947000600398,R_real
-0.00790991890244186,REFUTES,base_correct_control,0.013852516189217567,SUPPORTS,"Claim: Ted Cruz is an American male. || Evidence: Rafael Edward `` Ted '' Cruz -LSB- ˈkruːz -RSB- -LRB- born December 22 , 1970 -RRB- is an American politician and attorney , who has served as the junior United States Senator from Texas since 2013.
He was a candidate for the Republican nomination for President of the United States in the 2016 election.
From 1999 to 2003 , he served in various political appointee positions : the Director of the Office of Policy Planning at the Federal Trade Commission -LRB- FTC -RRB- , an Associate Deputy Attorney General at the United States Department of Justice , and a Domestic Policy Advisor to George W. Bush on the 2000 George W. Bush Presidential campaign.
He was the first Hispanic , and the longest-serving , Solicitor General in Texas history.
From 2004 to 2009 , Cruz was an Adjunct Professor at the University of Texas School of Law in Austin , Texas , where he taught U.S. Supreme Court litigation.
He defeated former State Representative Paul Sadler in the November 2012 general election , winning 56 -- 41 %.
He is the first Hispanic American to serve as a U.S. Senator representing Texas , and is one of three senators of Cuban descent.
President of the United States	President of the United States	2016 election	United States presidential election, 2016
.
In November 2012 , he was appointed Vice-Chairman of the National Republican Senatorial Committee.
During the primary campaign , his base of support was strongest with `` women , white evangelical Protestants , people over the age of 50 , and those who identified themselves as conservatives '' , though he had crossover appeal to other factions within his party , including libertarian conservatives and millennials.
He eventually emerged as the main challenger to frontrunner Donald Trump.
He suspended his campaign for president on May 3 , 2016 , after losing the Republican primary in Indiana to Trump. || Labels: SUPPORTS: Supports | REFUTES: Refutes | NOT_ENOUGH_INFO: Not enough info || Decide the correct label.",221137,Supports,B_new,0.021762435091659427,R_real
-0.008395194658078253,REFUTES,base_correct_control,0.013127736747264862,SUPPORTS,Claim: Revolver topped America's Billboard Top LP's list for six weeks in 1965. || Evidence: The record topped the UK Albums Chart for seven weeks and America 's Billboard Top LPs list for six weeks. || Labels: SUPPORTS: Supports | REFUTES: Refutes | NOT_ENOUGH_INFO: Not enough info || Decide the correct label.,225863,Supports,B_new,0.021522931405343115,R_real
-0.007644114550203085,REFUTES,base_correct_control,0.014596492052078247,SUPPORTS,"Claim: Konidela Production Company was established. || Evidence: Konidela Production Company is an Indian film production company established by actor Ram Charan , son of Chiranjeevi. || Labels: SUPPORTS: Supports | REFUTES: Refutes | NOT_ENOUGH_INFO: Not enough info || Decide the correct label.",58396,Supports,B_new,0.022240606602281332,R_real
-0.008449009619653225,REFUTES,base_correct_control,0.011914759874343872,SUPPORTS,"Claim: Natasha Lyonne was born in 1979. || Evidence: Natasha Bianca Lyonne Braunstein -LRB- born April 4 , 1979 -RRB- , better known as Natasha Lyonne , is an American actress. || Labels: SUPPORTS: Supports | REFUTES: Refutes | NOT_ENOUGH_INFO: Not enough info || Decide the correct label.",59890,Supports,B_new,0.020363769493997097,R_real
-0.007707851007580757,REFUTES,base_correct_control,0.014313574880361557,SUPPORTS,"Claim: Brown University's main campus is located in the College Hill Historic District of Providence. || Evidence: Brown 's main campus is located in the College Hill Historic District in the city of Providence , the third largest city in New England. || Labels: SUPPORTS: Supports | REFUTES: Refutes | NOT_ENOUGH_INFO: Not enough info || Decide the correct label.",75778,Supports,B_new,0.022021425887942314,R_real
